age,gamesPlayed,groundOuts,airOuts,runs,doubles,triples,homeRuns,strikeOuts,baseOnBalls,intentionalWalks,hits,hitByPitch,avg,atBats,obp,slg,ops,caughtStealing,stolenBases,stolenBasePercentage,caughtStealingPercentage,groundIntoDoublePlay,numberOfPitches,plateAppearances,totalBases,rbi,leftOnBase,sacBunts,sacFlies,babip,groundOutsToAirouts,catchersInterference,atBatsPerHomeRun,name,team
27,7,1,2,0,0,0,0,2,0,0,1,0,.167,6,.167,.167,.334,1,0,.000,1.000,0,24,6,1,1,5,0,0,.250,0.50,0,-.--,Alika Williams,Athletics
31,38,22,44,12,2,0,7,52,17,1,27,1,.189,143,.276,.350,.626,0,2,1.000,.000,3,580,163,50,25,70,0,2,.233,0.50,0,20.43,Brent Rooker,Athletics
29,45,38,35,13,8,1,5,15,19,0,44,2,.336,131,.425,.527,.952,0,1,1.000,.000,4,633,153,69,17,52,0,1,.348,1.09,0,26.20,Carlos Cortes,Athletics
25,17,6,10,4,2,0,1,9,2,0,11,0,.314,35,.351,.457,.808,0,0,.---,.---,0,133,38,16,5,14,1,0,.400,0.60,0,35.00,Colby Thomas,Athletics
24,40,21,36,11,2,0,1,17,11,0,27,1,.273,99,.351,.323,.674,0,3,1.000,.000,1,448,113,32,7,47,2,0,.321,0.58,0,99.00,Darell Hernaiz,Athletics
22,14,12,9,3,2,0,0,11,6,0,12,1,.279,43,.373,.326,.699,2,4,.667,.333,1,176,51,14,4,11,0,1,.364,1.33,0,-.--,Henry Bolte,Athletics
27,12,0,0,0,0,0,0,0,0,0,0,0,.000,0,.000,.000,.000,0,0,.---,.---,0,0,0,0,0,0,0,0,.---,-.--,0,-.--,J.T. Ginn,Athletics
26,15,0,0,0,0,0,0,0,0,0,0,0,.000,0,.000,.000,.000,0,0,.---,.---,0,0,0,0,0,0,0,0,.---,-.--,0,-.--,Jack Perkins,Athletics
34,53,54,49,15,9,0,2,27,16,1,44,3,.257,171,.328,.345,.673,2,1,.333,.667,5,718,193,59,15,65,1,2,.292,1.10,0,85.50,Jeff McNeil,Athletics
31,21,20,21,7,6,0,1,13,7,0,13,0,.197,66,.270,.333,.603,0,0,.---,.---,2,281,74,22,8,35,0,1,.226,0.95,0,66.00,Jonah Heim,Athletics
25,50,45,30,17,3,0,3,43,18,1,23,0,.163,141,.258,.248,.506,2,4,.667,.333,3,664,159,35,13,56,0,0,.211,1.50,0,47.00,Lawrence Butler,Athletics
23,55,31,37,35,11,1,8,75,52,6,54,2,.274,197,.430,.462,.892,1,6,.857,.143,3,1091,251,91,37,65,0,0,.404,0.84,0,24.62,Nick Kurtz,Athletics
28,51,33,67,36,12,0,13,47,20,1,62,4,.298,208,.369,.543,.912,0,0,.---,.---,4,839,233,113,28,98,0,1,.329,0.49,0,16.00,Shea Langeliers,Athletics
24,53,58,58,24,16,2,6,44,23,2,42,1,.209,201,.292,.398,.690,1,1,.500,.500,5,821,226,80,25,112,0,1,.237,1.00,0,33.50,Tyler Soderstrom,Athletics
26,40,30,33,21,4,1,6,34,8,0,31,1,.246,126,.296,.437,.733,0,6,1.000,.000,3,527,137,55,17,52,2,0,.291,0.91,0,21.00,Zack Gelof,Athletics
31,50,40,52,33,12,1,14,50,25,0,52,1,.269,193,.355,.560,.915,0,0,.---,.---,2,898,220,108,36,87,0,1,.292,0.77,0,13.79,Brandon Lowe,Pittsburgh Pirates
31,56,57,37,33,11,2,4,53,36,2,53,3,.266,199,.385,.402,.787,0,4,1.000,.000,4,943,239,80,34,80,0,1,.343,1.54,0,49.75,Bryan Reynolds,Pittsburgh Pirates
26,8,1,6,4,1,0,0,6,10,0,6,0,.316,19,.552,.368,.920,0,0,.---,.---,0,122,29,7,2,6,0,0,.462,0.17,0,-.--,Endy Rodríguez,Pittsburgh Pirates
22,5,3,2,2,0,0,2,9,2,0,2,0,.125,16,.222,.500,.722,0,0,.---,.---,0,75,18,8,5,12,0,0,.000,1.50,0,8.00,Esmerlyn Valdez,Pittsburgh Pirates
26,39,31,40,12,3,0,4,23,11,0,15,3,.139,108,.238,.278,.516,0,1,1.000,.000,2,436,123,30,10,64,1,0,.136,0.78,0,27.00,Henry Davis,Pittsburgh Pirates
30,37,37,13,14,2,0,0,21,8,1,23,2,.250,92,.324,.272,.596,0,6,1.000,.000,3,366,104,25,6,55,2,0,.324,2.85,0,-.--,Jake Mangum,Pittsburgh Pirates
28,24,21,13,4,2,0,0,16,3,0,16,1,.246,65,.290,.277,.567,0,1,1.000,.000,3,269,70,18,3,30,1,0,.327,1.62,0,-.--,Jared Triolo,Pittsburgh Pirates
23,7,5,5,0,0,0,0,6,1,0,5,0,.238,21,.273,.238,.511,0,0,.---,.---,1,65,22,5,1,13,0,0,.333,1.00,0,-.--,Jhostynxon Garcia,Pittsburgh Pirates
20,49,52,30,29,8,2,4,53,14,0,47,3,.261,180,.322,.394,.716,1,12,.923,.077,2,751,199,71,21,83,0,2,.344,1.73,0,45.00,Konnor Griffin,Pittsburgh Pirates
35,46,27,57,14,5,0,5,56,18,1,32,2,.186,172,.271,.302,.573,0,0,.---,.---,4,836,192,52,21,103,0,0,.243,0.47,0,34.40,Marcell Ozuna,Pittsburgh Pirates
27,50,59,36,23,9,0,0,36,13,0,55,3,.297,185,.351,.346,.697,2,3,.600,.400,5,752,202,64,22,77,0,1,.367,1.64,0,-.--,Nick Gonzales,Pittsburgh Pirates
27,54,51,27,38,10,0,11,87,18,2,58,3,.260,223,.324,.453,.777,3,17,.850,.150,3,983,244,101,35,82,0,0,.376,1.89,0,20.27,Oneil Cruz,Pittsburgh Pirates
28,51,44,47,21,7,1,6,24,26,0,45,2,.288,156,.388,.462,.850,0,1,1.000,.000,8,744,188,72,25,71,0,4,.300,0.94,0,26.00,Spencer Horwitz,Pittsburgh Pirates
30,26,8,6,5,2,0,0,13,3,0,6,0,.188,32,.257,.250,.507,1,4,.800,.200,1,132,36,8,2,14,1,0,.316,1.33,0,-.--,Bryce Johnson,San Diego Padres
27,54,58,44,19,6,1,0,51,24,1,52,2,.260,200,.339,.300,.639,6,14,.700,.300,5,839,231,60,16,58,1,4,.340,1.32,0,-.--,Fernando Tatis Jr.,San Diego Padres
31,40,29,30,11,4,0,0,23,11,0,13,2,.140,93,.241,.183,.424,1,0,.000,1.000,1,422,108,17,3,45,0,2,.181,0.97,0,-.--,Freddy Fermin,San Diego Padres
30,50,38,40,21,10,0,9,37,17,0,38,1,.248,153,.327,.490,.817,0,3,1.000,.000,4,717,171,75,23,54,0,0,.271,0.95,0,17.00,Gavin Sheets,San Diego Padres
23,52,51,52,24,11,0,4,55,18,2,39,1,.200,195,.271,.318,.589,0,10,1.000,.000,4,869,216,62,19,73,2,0,.257,0.98,0,48.75,Jackson Merrill,San Diego Padres
33,53,58,53,27,5,0,9,51,26,1,32,0,.169,189,.265,.339,.604,1,1,.500,.500,5,890,220,64,27,76,1,4,.173,1.09,0,21.00,Manny Machado,San Diego Padres
31,44,51,38,17,12,2,5,29,5,1,43,1,.267,161,.293,.460,.753,2,1,.333,.667,5,624,167,74,17,69,0,0,.299,1.34,0,32.20,Miguel Andujar,San Diego Padres
34,38,26,34,9,5,0,4,33,5,1,21,0,.186,113,.218,.336,.554,0,1,1.000,.000,1,467,119,38,19,53,0,1,.221,0.76,0,28.25,Nick Castellanos,San Diego Padres
31,51,37,39,22,6,2,7,64,18,0,37,2,.211,175,.289,.389,.678,1,5,.833,.167,1,813,197,68,21,57,0,2,.283,0.95,0,25.00,Ramón Laureano,San Diego Padres
28,10,3,8,2,0,0,1,7,3,0,2,1,.100,20,.250,.250,.500,0,0,.---,.---,0,90,24,5,2,5,0,0,.083,0.38,0,20.00,Rodolfo Durán,San Diego Padres
29,15,7,5,3,1,0,0,5,4,0,4,0,.190,21,.320,.238,.558,0,2,1.000,.000,1,109,25,5,4,16,0,0,.250,1.40,0,-.--,Sung-Mun Song,San Diego Padres
31,35,26,18,10,3,2,5,25,3,0,26,1,.274,95,.303,.505,.808,1,1,.500,.500,2,368,99,48,16,35,0,0,.323,1.44,0,19.00,Ty France,San Diego Padres
33,53,59,50,22,3,0,7,37,19,0,47,0,.245,192,.311,.370,.681,0,9,1.000,.000,2,816,212,71,24,72,0,1,.268,1.18,0,27.43,Xander Bogaerts,San Diego Padres
22,57,41,62,25,10,1,3,49,19,0,48,5,.242,198,.321,.348,.669,3,2,.400,.600,1,879,224,69,27,89,0,2,.304,0.66,0,66.00,Cole Young,Seattle Mariners
20,10,6,9,5,3,1,1,8,4,0,8,1,.258,31,.361,.516,.877,0,0,.---,.---,1,156,36,16,6,12,0,0,.318,0.67,0,31.00,Colt Emerson,Seattle Mariners
28,48,27,33,16,9,0,5,29,12,0,27,2,.237,114,.315,.447,.762,1,1,.500,.500,0,494,130,51,21,49,0,2,.268,0.82,0,22.80,Dominic Canzone,Seattle Mariners
31,16,0,0,0,0,0,0,0,0,0,0,0,.000,0,.000,.000,.000,0,0,.---,.---,0,0,0,0,0,0,0,0,.---,-.--,0,-.--,Gabe Speier,Seattle Mariners
31,48,53,46,25,4,0,7,36,29,0,36,4,.212,170,.338,.359,.697,2,1,.333,.667,3,838,204,61,19,65,0,1,.227,1.15,0,24.29,J.P. Crawford,Seattle Mariners
30,9,4,13,4,0,0,1,5,3,0,5,1,.185,27,.290,.296,.586,0,0,.---,.---,0,124,31,8,1,13,0,0,.190,0.31,0,27.00,Jhonny Pereda,Seattle Mariners
29,53,60,64,20,5,0,5,32,19,1,54,1,.258,209,.322,.354,.676,2,12,.857,.143,8,754,230,74,24,91,0,1,.283,0.94,0,41.80,Josh Naylor,Seattle Mariners
25,57,48,70,30,11,0,10,52,18,1,59,2,.258,229,.317,.437,.754,2,5,.714,.286,3,945,249,100,27,88,0,0,.293,0.69,0,22.90,Julio Rodríguez,Seattle Mariners
31,51,24,28,20,5,1,11,52,8,0,37,4,.264,140,.322,.550,.872,1,1,.500,.500,0,583,153,77,29,70,1,0,.338,0.86,0,12.73,Luke Raley,Seattle Mariners
35,27,12,18,12,2,0,2,25,16,0,14,0,.203,69,.353,.319,.672,0,0,.---,.---,0,366,85,22,6,29,0,0,.286,0.67,0,34.50,Mitch Garver,Seattle Mariners
34,4,1,5,0,1,0,0,5,0,0,1,0,.083,12,.083,.167,.250,0,0,.---,.---,0,51,12,2,2,7,0,0,.143,0.20,0,-.--,Patrick Wisdom,Seattle Mariners
31,57,52,40,38,15,1,6,57,23,0,61,8,.295,207,.382,.464,.846,2,14,.875,.125,4,963,241,96,25,80,0,3,.374,1.30,0,34.50,Randy Arozarena,Seattle Mariners
35,35,16,26,7,0,0,3,26,6,0,9,2,.122,74,.200,.243,.443,0,0,.---,.---,0,334,85,18,8,36,0,3,.125,0.62,0,24.67,Rob Refsnyder,Seattle Mariners
29,9,6,5,1,2,0,0,6,0,0,7,0,.292,24,.292,.375,.667,1,1,.500,.500,1,102,24,9,1,10,0,0,.389,1.20,0,-.--,Victor Robles,Seattle Mariners
21,15,9,16,2,2,0,1,14,6,1,8,0,.170,47,.264,.277,.541,0,0,.---,.---,0,217,53,13,2,22,0,0,.219,0.56,0,47.00,Bryce Eldridge,San Francisco Giants
27,48,36,57,26,10,1,12,38,7,0,53,5,.291,182,.332,.555,.887,1,4,.800,.200,3,696,196,101,31,79,0,2,.306,0.63,0,15.17,Casey Schmitt,San Francisco Giants
25,19,11,12,2,3,1,0,13,4,0,16,0,.308,52,.357,.404,.761,1,0,.000,1.000,1,199,56,21,9,23,0,0,.410,0.92,0,-.--,Daniel Susac,San Francisco Giants
25,37,30,30,10,4,1,2,22,6,1,24,1,.229,105,.277,.343,.620,0,0,.---,.---,1,418,113,36,9,58,1,0,.272,1.00,0,52.50,Drew Gilbert,San Francisco Giants
33,11,8,6,6,2,0,3,7,1,0,8,0,.276,29,.300,.655,.955,0,0,.---,.---,1,104,30,19,5,12,0,0,.263,1.33,0,9.67,Eric Haase,San Francisco Giants
32,29,29,25,10,5,0,5,32,4,0,17,0,.167,102,.196,.363,.559,0,0,.---,.---,3,404,107,37,13,54,0,1,.182,1.16,0,20.40,Harrison Bader,San Francisco Giants
24,13,17,8,2,0,0,1,5,3,0,8,1,.211,38,.286,.289,.575,1,1,.500,.500,1,142,42,11,5,12,0,0,.219,2.13,0,38.00,Jesus Rodriguez,San Francisco Giants
29,53,63,74,26,10,3,2,9,13,2,67,2,.325,206,.366,.432,.798,0,5,1.000,.000,3,825,228,89,20,57,4,3,.328,0.85,0,103.00,Luis Arraez,San Francisco Giants
33,55,56,49,24,13,1,1,53,23,1,47,2,.229,205,.313,.317,.630,1,0,.000,1.000,5,914,230,65,16,79,0,0,.305,1.14,0,205.00,Matt Chapman,San Francisco Giants
29,56,48,48,21,15,0,7,69,13,2,52,1,.242,215,.286,.409,.695,0,0,.---,.---,7,919,231,88,28,103,0,2,.319,1.00,0,30.71,Rafael Devers,San Francisco Giants
24,4,1,1,0,0,0,0,2,0,0,1,0,.200,5,.200,.200,.400,0,0,.---,.---,0,23,5,1,0,2,0,0,.333,1.00,0,-.--,Victor Bericoto,San Francisco Giants
28,11,8,10,0,0,0,0,3,0,0,2,0,.087,23,.087,.087,.174,0,0,.---,.---,1,77,23,2,0,10,0,0,.100,0.80,0,-.--,Will Brennan,San Francisco Giants
30,55,36,66,27,17,1,7,66,11,0,54,1,.243,222,.282,.423,.705,2,1,.333,.667,1,893,234,94,18,81,0,0,.315,0.55,0,31.71,Willy Adames,San Francisco Giants
27,53,56,57,25,13,0,7,37,21,2,58,2,.282,206,.351,.447,.798,0,2,1.000,.000,6,824,231,92,35,103,0,2,.311,0.98,0,29.43,Alec Burleson,St. Louis Cardinals
28,5,5,5,1,0,1,1,3,2,0,6,0,.316,19,.381,.579,.960,0,0,.---,.---,0,90,21,11,3,5,0,0,.333,1.00,0,19.00,Bryan Torres,St. Louis Cardinals
27,6,8,7,0,0,0,0,2,0,0,0,0,.000,17,.000,.000,.000,0,0,.---,.---,1,42,17,0,0,12,0,0,.000,1.14,0,-.--,César Prieto,St. Louis Cardinals
27,23,0,0,0,0,0,0,0,0,0,0,0,.000,0,.000,.000,.000,0,0,.---,.---,0,0,0,0,0,0,0,0,.---,-.--,0,-.--,George Soriano,St. Louis Cardinals
26,54,64,43,31,12,1,6,43,33,4,53,10,.264,201,.390,.423,.813,0,2,1.000,.000,6,948,246,85,26,78,0,2,.305,1.49,0,33.50,Iván Herrera,St. Louis Cardinals
23,53,48,67,36,6,0,9,44,28,2,48,10,.234,205,.351,.395,.746,0,6,1.000,.000,0,1005,245,81,25,58,0,2,.253,0.72,0,22.78,JJ Wetherholt,St. Louis Cardinals
24,53,43,44,38,11,0,15,56,20,0,61,2,.300,203,.367,.576,.943,3,7,.700,.300,4,826,226,117,42,100,0,1,.346,0.98,0,13.53,Jordan Walker,St. Louis Cardinals
27,28,15,22,4,3,0,2,12,7,0,13,0,.213,61,.290,.361,.651,0,0,.---,.---,3,300,70,22,8,33,0,1,.229,0.68,1,30.50,José Fermín,St. Louis Cardinals
24,48,49,50,20,8,2,1,42,17,0,41,5,.230,178,.309,.315,.624,1,5,.833,.167,4,838,204,56,18,90,0,4,.288,0.98,0,178.00,Masyn Winn,St. Louis Cardinals
26,52,24,58,17,4,0,6,58,22,2,38,0,.217,175,.300,.343,.643,1,0,.000,1.000,1,818,200,60,25,83,0,3,.281,0.41,0,29.17,Nolan Gorman,St. Louis Cardinals
27,35,31,32,11,4,0,4,30,5,0,25,2,.219,114,.262,.360,.622,0,2,1.000,.000,5,492,125,41,9,56,3,1,.259,0.97,0,28.50,Pedro Pagés,St. Louis Cardinals
24,28,16,18,8,2,0,0,24,5,0,11,0,.159,69,.216,.188,.404,2,0,.000,1.000,2,286,74,13,2,37,0,0,.244,0.89,0,-.--,Thomas Saggese,St. Louis Cardinals
25,52,49,30,18,3,0,2,39,11,0,26,1,.194,134,.259,.261,.520,4,7,.636,.364,3,569,156,35,7,52,9,1,.255,1.63,0,67.00,Victor Scott II,St. Louis Cardinals
29,18,14,8,0,1,0,0,3,0,0,8,0,.242,33,.242,.273,.515,0,0,.---,.---,5,103,33,9,5,24,0,0,.267,1.75,0,-.--,Yohel Pozo,St. Louis Cardinals
23,12,6,11,6,1,0,0,11,2,0,3,0,.100,30,.156,.133,.289,0,0,.---,.---,1,118,33,4,3,18,1,0,.158,0.55,0,-.--,Carson Williams,Tampa Bay Rays
31,47,23,81,17,3,1,3,32,12,0,31,3,.190,163,.257,.276,.533,5,10,.667,.333,1,715,183,45,15,93,3,1,.217,0.28,1,54.33,Cedric Mullins,Tampa Bay Rays
25,52,81,47,28,4,4,0,23,11,0,61,0,.295,207,.327,.353,.680,8,14,.636,.364,2,743,223,73,12,70,3,2,.328,1.72,0,-.--,Chandler Simpson,Tampa Bay Rays
29,31,8,18,8,2,0,1,23,7,0,18,1,.281,64,.356,.359,.715,0,0,.---,.---,1,301,75,23,6,28,2,1,.415,0.44,0,64.00,Hunter Feduccia,Tampa Bay Rays
28,53,38,49,30,9,0,9,54,31,3,54,3,.286,189,.384,.476,.860,0,0,.---,.---,3,920,229,90,41,73,0,6,.341,0.78,0,21.00,Jonathan Aranda,Tampa Bay Rays
22,53,65,48,32,5,0,13,37,29,2,53,0,.262,202,.353,.480,.833,2,0,.000,1.000,9,913,232,97,27,91,0,1,.261,1.35,0,15.54,Junior Caminero,Tampa Bay Rays
29,43,42,33,10,6,0,1,19,4,0,33,3,.262,126,.299,.333,.632,0,0,.---,.---,5,470,134,42,10,53,0,1,.299,1.27,0,126.00,Nick Fortes,Tampa Bay Rays
28,5,5,0,3,0,0,0,2,1,0,0,0,.000,7,.125,.000,.125,0,0,.---,.---,0,26,8,0,0,2,0,0,.000,5.00,0,-.--,Oliver Dunn,Tampa Bay Rays
29,39,25,25,14,3,0,1,25,14,0,26,3,.260,100,.364,.320,.684,4,7,.636,.364,1,472,118,32,15,45,0,1,.333,1.00,0,100.00,Richie Palacios,Tampa Bay Rays
27,31,13,25,8,3,1,2,13,10,0,21,0,.304,69,.383,.464,.847,0,2,1.000,.000,1,356,82,32,16,31,1,2,.339,0.52,0,34.50,Ryan Vilade,Tampa Bay Rays
29,40,31,37,19,6,2,0,36,17,0,25,1,.202,124,.303,.282,.585,2,6,.750,.250,1,596,147,35,14,52,5,0,.284,0.84,0,-.--,Taylor Walls,Tampa Bay Rays
24,3,3,3,2,0,0,1,2,1,0,3,0,.300,10,.364,.600,.964,0,0,.---,.---,0,42,12,6,2,3,1,0,.286,1.00,0,10.00,Victor Mesa Jr.,Tampa Bay Rays
34,50,61,44,27,9,1,8,27,19,3,59,7,.311,190,.392,.495,.887,0,1,1.000,.000,6,786,217,94,33,67,0,1,.327,1.39,0,23.75,Yandy Díaz,Tampa Bay Rays
23,30,22,17,9,2,0,0,13,11,0,19,5,.268,71,.402,.296,.698,2,1,.333,.667,0,307,87,21,7,30,0,0,.328,1.29,0,-.--,Alejandro Osuna,Texas Rangers
33,53,52,54,23,10,2,6,46,22,1,55,4,.267,206,.348,.422,.770,1,1,.500,.500,5,913,233,87,19,65,0,1,.316,0.96,0,34.33,Brandon Nimmo,Texas Rangers
31,37,25,33,9,5,1,3,37,11,0,20,4,.175,114,.271,.316,.587,1,0,.000,1.000,5,514,130,36,10,64,1,0,.230,0.76,0,38.00,Danny Jansen,Texas Rangers
23,54,34,59,21,5,2,6,43,26,0,28,1,.175,160,.293,.344,.637,0,9,1.000,.000,0,796,191,55,18,77,3,1,.196,0.58,0,26.67,Evan Carter,Texas Rangers
27,47,33,37,22,12,1,4,39,13,0,41,0,.279,147,.333,.456,.789,1,4,.800,.200,2,618,163,67,26,58,1,2,.349,0.89,0,36.75,Ezequiel Duran,Texas Rangers
30,20,0,0,0,0,0,0,0,0,0,0,0,.000,0,.000,.000,.000,0,0,.---,.---,0,0,0,0,0,0,0,0,.---,-.--,0,-.--,Jacob Latz,Texas Rangers
30,53,52,44,25,8,0,10,58,13,0,47,1,.235,200,.284,.425,.709,0,1,1.000,.000,5,771,215,85,36,101,0,1,.278,1.18,0,20.00,Jake Burger,Texas Rangers
34,51,29,36,20,5,0,6,34,23,0,32,1,.250,128,.361,.430,.791,0,0,.---,.---,4,645,156,55,16,48,0,3,.286,0.81,1,21.33,Joc Pederson,Texas Rangers
28,50,55,48,23,14,0,5,30,15,0,57,2,.302,189,.357,.455,.812,1,1,.500,.500,8,741,207,86,21,77,0,1,.335,1.15,0,37.80,Josh Jung,Texas Rangers
27,18,11,13,5,3,0,2,16,3,0,14,1,.264,53,.310,.434,.744,0,0,.---,.---,2,213,58,23,7,26,0,1,.333,0.85,0,26.50,Justin Foscue,Texas Rangers
36,27,21,19,9,1,0,3,26,7,0,17,1,.205,83,.275,.325,.600,0,0,.---,.---,4,356,91,27,9,39,0,0,.259,1.11,0,27.67,Kyle Higashioka,Texas Rangers
30,6,4,5,0,1,0,0,3,1,0,2,0,.143,14,.200,.214,.414,0,0,.---,.---,0,53,15,3,0,1,0,0,.182,0.80,0,-.--,Michael Helman,Texas Rangers
31,5,4,2,1,0,0,0,2,0,0,0,0,.000,8,.000,.000,.000,0,0,.---,.---,0,29,8,0,0,3,0,0,.000,2.00,0,-.--,Nicky Lopez,Texas Rangers
32,33,10,9,3,1,0,0,16,2,0,6,1,.146,41,.205,.171,.376,0,1,1.000,.000,1,157,44,7,1,21,0,0,.240,1.11,0,-.--,Sam Haggerty,Texas Rangers
27,53,63,46,13,7,1,5,34,6,0,40,4,.222,180,.260,.356,.616,1,6,.857,.143,5,701,193,64,27,82,1,2,.245,1.37,0,36.00,Andrés Giménez,Toronto Blue Jays
25,35,18,27,13,2,0,4,25,12,0,23,0,.250,92,.337,.402,.739,0,1,1.000,.000,0,444,105,37,10,37,1,0,.302,0.67,0,23.00,Brandon Valenzuela,Toronto Blue Jays
29,53,41,56,25,11,1,5,42,19,2,50,2,.265,189,.338,.413,.751,0,4,1.000,.000,0,788,210,78,16,74,0,0,.317,0.73,0,37.80,Daulton Varsho,Toronto Blue Jays
30,55,55,77,22,17,0,5,18,8,0,62,0,.294,211,.318,.445,.763,0,2,1.000,.000,4,664,220,94,20,80,0,1,.302,0.71,0,42.20,Ernie Clement,Toronto Blue Jays
36,37,40,41,14,7,0,5,31,14,0,30,2,.211,142,.291,.366,.657,1,3,.750,.250,3,634,160,52,14,67,0,0,.236,0.98,2,28.40,George Springer,Toronto Blue Jays
28,54,41,41,18,10,0,6,37,7,1,45,4,.281,160,.320,.456,.776,0,1,1.000,.000,3,659,175,73,27,68,0,4,.322,1.00,0,26.67,Jesús Sánchez,Toronto Blue Jays
30,54,35,49,26,6,0,11,71,22,0,43,2,.218,197,.302,.416,.718,0,0,.---,.---,4,940,222,82,29,105,0,1,.276,0.71,0,17.91,Kazuma Okamoto,Toronto Blue Jays
26,40,29,39,11,7,0,1,25,1,0,22,1,.195,113,.207,.283,.490,0,0,.---,.---,2,439,117,32,9,52,1,1,.239,0.74,0,113.00,Lenyn Sosa,Toronto Blue Jays
31,47,23,27,18,3,0,2,15,9,0,20,0,.241,83,.312,.349,.661,1,2,.667,.333,1,354,94,29,6,32,1,1,.269,0.85,0,41.50,Myles Straw,Toronto Blue Jays
31,22,17,17,5,5,0,0,10,1,0,17,3,.283,60,.323,.367,.690,1,0,.000,1.000,3,269,65,22,9,22,0,1,.333,1.00,0,-.--,Nathan Lukes,Toronto Blue Jays
35,29,27,18,6,0,0,1,17,2,0,10,2,.147,68,.194,.191,.385,0,0,.---,.---,2,268,76,13,4,28,4,0,.180,1.50,0,68.00,Tyler Heineman,Toronto Blue Jays
27,54,59,55,32,7,0,3,24,29,4,56,4,.293,191,.392,.377,.769,1,5,.833,.167,6,830,227,72,22,69,0,3,.317,1.07,0,63.67,Vladimir Guerrero Jr.,Toronto Blue Jays
24,26,20,19,6,4,0,2,17,4,0,23,0,.291,79,.325,.418,.743,0,0,.---,.---,2,316,83,33,12,36,0,0,.350,1.05,0,39.50,Yohendrick Piñango,Toronto Blue Jays
30,3,1,1,0,1,0,0,6,0,0,2,0,.200,10,.200,.300,.500,0,0,.---,.---,0,40,10,3,0,5,0,0,.500,1.00,0,-.--,Alex Jackson,Minnesota Twins
27,50,37,44,19,9,0,2,26,23,0,42,3,.284,148,.389,.385,.774,5,7,.583,.417,4,706,175,57,16,50,0,1,.331,0.84,0,74.00,Austin Martin,Minnesota Twins
25,52,49,55,23,9,1,6,37,13,0,48,2,.255,188,.310,.410,.720,1,3,.750,.250,2,796,204,77,30,71,1,0,.290,0.89,0,31.33,Brooks Lee,Minnesota Twins
32,47,22,70,38,10,1,17,55,15,1,51,3,.259,197,.319,.579,.898,0,4,1.000,.000,0,794,216,114,27,77,0,1,.270,0.31,0,11.59,Byron Buxton,Minnesota Twins
29,43,13,12,9,4,1,0,26,5,0,10,1,.164,61,.239,.262,.501,2,4,.667,.333,0,274,67,16,3,35,0,0,.286,1.08,0,-.--,James Outman,Minnesota Twins
33,53,46,60,24,8,0,5,48,17,0,41,1,.212,193,.277,.332,.609,0,1,1.000,.000,4,844,213,64,29,91,0,2,.254,0.77,0,38.60,Josh Bell,Minnesota Twins
30,44,30,46,18,10,1,5,38,13,0,34,5,.233,146,.317,.418,.735,2,5,.714,.286,1,668,166,61,15,73,2,0,.282,0.65,0,29.20,Kody Clemens,Minnesota Twins
23,52,47,66,23,9,1,1,32,19,1,44,4,.235,187,.316,.310,.626,2,10,.833,.167,3,811,212,58,18,86,0,2,.276,0.71,0,187.00,Luke Keaschall,Minnesota Twins
31,6,2,3,1,1,0,0,3,0,0,8,0,.500,16,.500,.563,1.063,1,0,.000,1.000,0,61,16,9,1,3,0,0,.615,0.67,0,-.--,Orlando Arcia,Minnesota Twins
28,16,8,10,9,2,0,3,13,5,0,12,0,.279,43,.354,.535,.889,2,0,.000,1.000,2,177,48,23,8,21,0,0,.333,0.80,0,14.33,Ryan Kreidler,Minnesota Twins
29,44,30,37,23,8,1,2,29,22,1,35,2,.267,131,.381,.389,.770,1,2,.667,.333,3,603,155,51,14,42,0,0,.330,0.81,0,65.50,Trevor Larnach,Minnesota Twins
30,29,15,20,9,1,0,3,30,7,0,18,1,.222,81,.289,.346,.635,0,0,.---,.---,1,366,91,28,14,47,1,1,.306,0.75,0,27.00,Tristan Gray,Minnesota Twins
32,40,39,37,8,1,0,2,31,13,0,22,7,.179,123,.282,.236,.518,0,0,.---,.---,4,544,149,29,17,70,0,6,.208,1.05,0,61.50,Victor Caratini,Minnesota Twins
33,55,37,52,17,7,1,4,65,20,0,38,4,.201,189,.287,.312,.599,0,2,1.000,.000,2,919,216,59,15,83,0,3,.276,0.71,0,47.25,Adolis García,Philadelphia Phillies
29,52,65,58,16,7,0,5,29,15,0,40,2,.212,189,.273,.328,.601,0,0,.---,.---,3,749,209,62,23,73,0,3,.222,1.12,0,37.80,Alec Bohm,Philadelphia Phillies
28,51,38,45,28,9,2,5,42,9,1,59,1,.326,181,.356,.481,.837,1,4,.800,.200,2,674,194,87,24,68,0,3,.394,0.84,0,36.20,Brandon Marsh,Philadelphia Phillies
33,56,53,54,33,10,1,13,42,31,2,53,0,.266,199,.361,.523,.884,2,4,.667,.333,7,880,233,104,33,73,0,3,.272,0.98,0,15.31,Bryce Harper,Philadelphia Phillies
28,50,49,56,15,8,2,5,32,11,0,39,1,.225,173,.274,.382,.656,0,10,1.000,.000,4,730,188,66,25,76,2,1,.248,0.88,0,34.60,Bryson Stott,Philadelphia Phillies
30,31,27,23,10,3,0,2,20,3,0,18,2,.207,87,.247,.310,.557,0,2,1.000,.000,2,345,94,27,14,38,0,1,.242,1.17,1,43.50,Edmundo Sosa,Philadelphia Phillies
33,9,5,5,3,0,0,0,4,1,0,4,2,.235,17,.333,.235,.568,0,0,.---,.---,0,75,21,4,1,5,0,1,.286,1.00,0,-.--,Garrett Stubbs,Philadelphia Phillies
35,36,34,38,11,4,0,2,21,9,0,28,4,.233,120,.306,.317,.623,0,1,1.000,.000,1,503,134,38,9,57,0,1,.265,0.89,0,60.00,J.T. Realmuto,Philadelphia Phillies
28,17,0,0,0,0,0,0,0,0,0,0,0,.000,0,.000,.000,.000,0,0,.---,.---,0,0,0,0,0,0,0,0,.---,-.--,0,-.--,Jhoan Duran,Philadelphia Phillies
22,51,58,32,13,7,2,2,33,13,0,37,2,.231,160,.297,.338,.635,2,7,.778,.222,1,662,175,54,12,80,0,0,.280,1.81,0,80.00,Justin Crawford,Philadelphia Phillies
33,53,28,47,35,9,1,21,79,32,0,48,4,.238,202,.353,.604,.957,0,1,1.000,.000,1,1014,238,122,38,67,0,0,.265,0.60,0,9.62,Kyle Schwarber,Philadelphia Phillies
26,13,4,9,0,0,0,0,10,1,0,2,1,.080,25,.148,.080,.228,0,0,.---,.---,0,120,27,2,0,8,0,0,.133,0.44,0,-.--,Otto Kemp,Philadelphia Phillies
27,20,13,30,3,0,0,1,13,1,0,5,2,.082,61,.125,.131,.256,0,0,.---,.---,2,242,64,8,4,38,0,0,.085,0.43,0,61.00,Rafael Marchán,Philadelphia Phillies
33,55,59,64,34,9,0,7,53,17,0,51,0,.226,226,.279,.358,.637,1,11,.917,.083,3,930,244,81,19,82,0,1,.263,0.92,0,32.29,Trea Turner,Philadelphia Phillies
29,56,42,54,28,8,1,8,67,18,0,46,4,.221,208,.294,.385,.679,0,3,1.000,.000,6,941,231,80,31,101,0,1,.284,0.78,0,26.00,Austin Riley,Atlanta Braves
31,7,3,4,1,1,0,0,5,0,0,5,0,.313,16,.313,.375,.688,0,0,.---,.---,0,66,17,6,2,9,1,0,.455,0.75,0,-.--,Chadwick Tromp,Atlanta Braves
21,13,0,0,0,0,0,0,0,0,0,0,0,.000,0,.000,.000,.000,0,0,.---,.---,0,0,0,0,0,0,0,0,.---,-.--,0,-.--,Didier Fuentes,Atlanta Braves
31,43,21,38,17,4,1,5,19,4,0,36,1,.324,111,.347,.514,.861,0,0,.---,.---,2,435,119,57,24,43,1,2,.348,0.55,0,22.20,Dominic Smith,Atlanta Braves
32,31,27,13,10,2,1,2,14,3,0,15,1,.221,68,.260,.368,.628,0,1,1.000,.000,1,273,73,25,11,31,0,1,.245,2.08,0,34.00,Eli White,Atlanta Braves
30,12,15,10,4,0,0,0,13,5,0,4,0,.095,42,.191,.095,.286,0,1,1.000,.000,0,192,47,4,2,22,0,0,.138,1.50,0,-.--,Ha-Seong Kim,Atlanta Braves
31,33,13,10,17,3,0,2,21,4,0,20,0,.313,64,.353,.453,.806,1,6,.857,.143,1,265,68,29,6,20,0,0,.439,1.30,0,32.00,Jorge Mateo,Atlanta Braves
32,56,49,56,38,17,0,15,57,27,2,56,1,.259,216,.341,.546,.887,0,1,1.000,.000,2,1059,246,118,44,104,0,2,.281,0.88,0,14.40,Matt Olson,Atlanta Braves
31,53,50,62,22,12,2,3,34,13,0,51,2,.259,197,.311,.386,.697,2,0,.000,1.000,4,776,212,76,29,72,0,0,.300,0.81,0,65.67,Mauricio Dubón,Atlanta Braves
25,53,49,45,25,6,0,12,39,7,0,56,1,.298,188,.325,.521,.846,0,3,1.000,.000,1,698,197,98,32,76,0,1,.319,1.09,0,15.67,Michael Harris II,Atlanta Braves
35,50,33,37,23,7,1,3,38,12,0,33,3,.234,141,.308,.362,.670,0,1,1.000,.000,1,633,156,51,14,58,0,0,.300,0.89,0,47.00,Mike Yastrzemski,Atlanta Braves
29,56,55,78,35,8,0,8,29,18,0,58,3,.269,216,.328,.417,.745,3,0,.000,1.000,3,878,241,90,27,88,0,4,.273,0.71,0,27.00,Ozzie Albies,Atlanta Braves
36,16,0,0,0,0,0,0,0,0,0,0,0,.000,0,.000,.000,.000,0,0,.---,.---,0,0,0,0,0,0,0,0,.---,-.--,0,-.--,Raisel Iglesias,Atlanta Braves
32,11,0,0,0,0,0,0,0,0,0,0,0,.000,0,.000,.000,.000,0,0,.---,.---,0,0,0,0,0,0,0,0,.---,-.--,0,-.--,Reynaldo López,Atlanta Braves
35,23,0,0,0,0,0,0,0,0,0,0,0,.000,0,.000,.000,.000,0,0,.---,.---,0,0,0,0,0,0,0,0,.---,-.--,0,-.--,Robert Suarez,Atlanta Braves
28,42,35,46,22,9,1,2,41,26,1,37,3,.236,157,.351,.344,.695,4,8,.667,.333,0,762,188,54,12,44,0,2,.302,0.76,0,78.50,Ronald Acuña Jr.,Atlanta Braves
37,9,4,8,0,0,0,0,6,0,0,2,0,.100,20,.100,.100,.200,0,0,.---,.---,0,76,20,2,0,1,0,0,.143,0.50,0,-.--,Sandy León,Atlanta Braves
35,25,0,0,0,0,0,0,0,0,0,0,0,.000,0,.000,.000,.000,0,0,.---,.---,0,0,0,0,0,0,0,0,.---,-.--,0,-.--,Tyler Kinley,Atlanta Braves
31,49,28,49,17,8,2,3,49,11,0,36,0,.228,158,.273,.361,.634,0,1,1.000,.000,3,656,173,57,23,77,1,3,.303,0.57,0,52.67,Andrew Benintendi,Chicago White Sox
24,53,60,38,33,9,0,5,51,23,0,54,0,.273,198,.345,.394,.739,1,1,.500,.500,3,939,227,78,18,65,3,2,.340,1.58,1,39.60,Chase Meidroth,Chicago White Sox
24,54,38,48,25,10,0,13,68,21,3,45,8,.226,199,.325,.472,.797,1,1,.500,.500,3,845,228,94,33,113,0,0,.271,0.79,0,15.31,Colson Montgomery,Chicago White Sox
30,41,16,12,9,1,0,3,20,7,0,15,0,.246,61,.324,.410,.734,4,6,.600,.400,1,271,70,25,6,33,2,0,.316,1.33,0,20.33,Derek Hill,Chicago White Sox
24,18,18,10,7,2,0,5,17,9,0,10,1,.182,55,.308,.491,.799,0,1,1.000,.000,3,245,65,27,10,19,0,0,.152,1.80,0,11.00,Drew Romo,Chicago White Sox
23,39,37,24,10,1,0,1,31,12,0,19,3,.181,105,.274,.219,.493,0,1,1.000,.000,4,487,126,23,13,64,2,4,.234,1.54,0,105.00,Edgar Quero,Chicago White Sox
24,40,40,24,9,1,0,0,20,6,0,17,1,.173,98,.224,.184,.408,1,8,.889,.111,4,381,108,18,5,46,1,2,.213,1.67,0,-.--,Luisangel Acuña,Chicago White Sox
26,54,37,72,39,8,1,12,40,36,1,45,5,.234,192,.366,.474,.840,0,8,1.000,.000,3,961,235,91,31,74,0,2,.232,0.51,0,16.00,Miguel Vargas,Chicago White Sox
26,55,35,37,42,3,0,20,78,42,4,47,1,.240,196,.375,.561,.936,2,1,.333,.667,2,1057,240,110,40,75,0,1,.273,0.95,0,9.80,Munetaka Murakami,Chicago White Sox
34,33,15,16,13,4,0,4,16,2,0,17,1,.270,63,.299,.524,.823,0,0,.---,.---,1,244,67,33,12,33,0,1,.295,0.94,0,15.75,Randal Grichuk,Chicago White Sox
25,3,2,1,1,0,0,0,2,0,0,2,0,.286,7,.286,.286,.572,0,0,.---,.---,0,24,7,2,0,1,0,0,.400,2.00,0,-.--,Rikuu Nishida,Chicago White Sox
23,38,44,25,22,5,2,1,21,10,0,35,11,.287,122,.389,.385,.774,4,7,.636,.364,1,585,146,47,13,33,2,1,.337,1.76,0,122.00,Sam Antonacci,Chicago White Sox
26,52,34,36,17,6,1,2,31,12,0,34,2,.260,131,.331,.366,.697,0,4,1.000,.000,0,549,149,48,12,57,4,0,.327,0.94,0,65.50,Tristan Peters,Chicago White Sox
28,4,0,0,0,0,0,0,0,0,0,0,0,.000,0,.000,.000,.000,0,0,.---,.---,0,0,0,0,0,0,0,0,.---,-.--,0,-.--,Cade Gibson,Miami Marlins
27,19,11,15,2,3,0,0,23,3,0,10,1,.169,59,.222,.220,.442,0,1,1.000,.000,0,219,63,13,1,33,0,0,.278,0.73,0,-.--,Christopher Morel,Miami Marlins
26,50,30,44,16,9,0,4,53,20,0,34,7,.213,160,.324,.344,.668,2,6,.750,.250,4,734,188,55,14,73,0,1,.288,0.68,0,40.00,Connor Norby,Miami Marlins
27,25,7,13,11,3,1,2,15,1,0,8,0,.190,42,.205,.452,.657,1,8,.889,.111,0,172,44,19,5,19,0,1,.231,0.54,0,21.00,Esteury Ruiz,Miami Marlins
25,33,21,29,8,6,0,1,22,5,0,14,0,.165,85,.211,.271,.482,1,1,.500,.500,3,377,91,23,9,47,1,0,.210,0.72,0,85.00,Graham Pauley,Miami Marlins
26,34,24,28,6,0,1,2,23,11,0,19,1,.204,93,.292,.290,.582,2,5,.714,.286,0,375,106,27,18,58,0,1,.246,0.86,0,46.50,Heriberto Hernández,Miami Marlins
25,55,39,67,31,5,3,3,54,31,0,38,6,.194,196,.321,.296,.617,7,14,.667,.333,1,935,235,58,15,59,1,1,.250,0.58,0,65.33,Jakob Marsee,Miami Marlins
23,42,34,37,7,10,0,1,13,9,0,32,0,.278,115,.331,.391,.722,1,3,.750,.250,2,420,125,45,20,49,1,0,.307,0.92,0,115.00,Javier Sanoja,Miami Marlins
23,19,16,10,6,3,0,0,19,4,0,12,0,.211,57,.262,.263,.525,0,0,.---,.---,1,254,61,15,6,21,0,0,.316,1.60,0,-.--,Joe Mack,Miami Marlins
28,34,27,32,16,7,0,3,38,14,1,26,2,.211,123,.302,.341,.643,1,1,.500,.500,5,520,139,42,10,57,0,0,.280,0.84,0,41.00,Kyle Stowers,Miami Marlins
27,54,52,64,27,4,0,11,19,18,1,47,4,.264,178,.338,.472,.810,0,1,1.000,.000,2,729,204,84,44,72,0,4,.237,0.81,0,16.18,Liam Hicks,Miami Marlins
27,56,59,52,31,14,2,4,36,9,0,75,3,.342,219,.372,.479,.851,3,10,.769,.231,5,846,234,105,23,68,0,3,.390,1.13,0,54.75,Otto Lopez,Miami Marlins
23,48,17,28,15,8,0,4,62,10,0,30,2,.226,133,.282,.376,.658,0,3,1.000,.000,1,648,149,50,26,57,0,4,.366,0.61,0,33.25,Owen Caissie,Miami Marlins
32,15,0,0,0,0,0,0,0,0,0,0,0,.000,0,.000,.000,.000,0,0,.---,.---,0,0,0,0,0,0,0,0,.---,-.--,0,-.--,Pete Fairbanks,Miami Marlins
26,57,58,60,40,11,3,6,28,28,1,67,0,.316,212,.396,.481,.877,2,8,.800,.200,5,923,241,102,19,74,1,0,.343,0.97,0,35.33,Xavier Edwards,Miami Marlins
34,56,40,43,41,10,0,17,69,40,5,51,2,.252,202,.380,.554,.934,3,5,.625,.375,7,1054,247,112,34,70,0,1,.291,0.93,2,11.88,Aaron Judge,New York Yankees
30,31,24,24,13,3,1,6,19,6,0,24,0,.273,88,.309,.534,.843,0,0,.---,.---,1,345,97,47,20,34,0,3,.273,1.00,0,14.67,Amed Rosario,New York Yankees
25,11,5,11,7,3,0,1,10,9,0,9,0,.257,35,.409,.429,.838,1,2,.667,.333,0,195,44,15,7,17,0,0,.333,0.45,0,35.00,Anthony Volpe,New York Yankees
26,42,28,41,13,1,0,4,40,21,2,23,0,.176,131,.288,.275,.563,0,0,.---,.---,5,633,153,36,7,65,0,1,.216,0.68,0,32.75,Austin Wells,New York Yankees
27,51,47,36,40,11,1,16,49,27,2,53,2,.290,183,.383,.623,1.006,0,2,1.000,.000,5,868,214,114,37,67,0,2,.308,1.31,0,11.44,Ben Rice,New York Yankees
30,55,43,74,34,13,3,8,31,34,0,54,0,.271,199,.373,.487,.860,3,5,.625,.375,2,889,236,97,36,77,0,3,.282,0.58,0,24.88,Cody Bellinger,New York Yankees
31,19,18,14,4,3,1,0,13,4,0,11,0,.200,55,.250,.291,.541,0,0,.---,.---,1,231,60,16,7,29,0,1,.256,1.29,0,-.--,J.C. Escarra,New York Yankees
28,54,36,50,25,10,1,6,62,22,0,48,1,.246,195,.324,.400,.724,3,13,.813,.188,0,880,219,78,20,88,0,1,.328,0.72,0,32.50,Jazz Chisholm Jr.,New York Yankees
29,46,50,33,18,7,0,4,29,8,0,39,4,.258,151,.313,.384,.697,6,13,.684,.316,7,629,163,58,14,65,0,0,.297,1.52,0,37.75,José Caballero,New York Yankees
29,12,3,3,5,2,0,0,4,6,0,4,0,.286,14,.500,.429,.929,2,2,.500,.500,0,102,20,6,1,6,0,0,.400,1.00,0,-.--,Max Schuemann,New York Yankees
32,15,0,0,0,0,0,0,0,0,0,0,0,.000,0,.000,.000,.000,0,0,.---,.---,0,0,0,0,0,0,0,0,.---,-.--,0,-.--,Paul Blackburn,New York Yankees
38,31,30,20,17,6,1,5,22,12,0,26,3,.265,98,.363,.500,.863,0,0,.---,.---,0,438,113,49,15,27,0,0,.296,1.50,0,19.60,Paul Goldschmidt,New York Yankees
31,51,30,36,14,4,0,5,48,12,0,28,0,.199,141,.261,.333,.594,0,3,1.000,.000,4,600,154,47,18,59,1,0,.261,0.83,0,28.20,Ryan McMahon,New York Yankees
29,54,44,59,30,9,1,7,38,32,0,36,0,.206,175,.325,.389,.714,1,3,.750,.250,3,845,209,68,29,63,0,2,.220,0.75,0,25.00,Trent Grisham,New York Yankees
28,17,18,10,9,6,0,1,7,6,0,17,2,.327,52,.417,.500,.917,0,0,.---,.---,2,212,60,26,8,31,0,0,.364,1.80,0,52.00,Andrew Vaughn,Milwaukee Brewers
29,31,21,19,6,3,0,0,18,6,0,6,1,.095,63,.186,.143,.329,0,2,1.000,.000,1,284,71,9,7,35,1,0,.133,1.11,0,-.--,Blake Perkins,Milwaukee Brewers
26,50,50,33,43,11,1,7,54,39,2,51,0,.276,185,.400,.459,.859,2,9,.818,.182,4,969,227,85,30,83,2,1,.352,1.52,0,26.43,Brice Turang,Milwaukee Brewers
27,13,0,0,0,0,0,0,0,0,0,0,0,.000,0,.000,.000,.000,0,0,.---,.---,0,0,0,0,0,0,0,0,.---,-.--,0,-.--,Chad Patrick,Milwaukee Brewers
34,25,27,13,16,5,1,4,27,8,2,26,0,.280,93,.337,.484,.821,0,3,1.000,.000,0,423,101,45,16,46,0,0,.355,2.08,0,23.25,Christian Yelich,Milwaukee Brewers
28,43,39,33,21,2,1,0,28,15,0,27,1,.223,121,.314,.256,.570,3,10,.769,.231,1,559,144,31,8,37,6,0,.290,1.18,1,-.--,David Hamilton,Milwaukee Brewers
27,46,29,18,20,9,1,3,62,24,1,33,1,.236,140,.349,.379,.728,4,6,.600,.400,2,718,167,53,28,64,1,1,.395,1.61,0,46.67,Garrett Mitchell,Milwaukee Brewers
33,31,20,28,15,3,1,5,23,21,0,18,2,.202,89,.366,.427,.793,0,0,.---,.---,3,476,112,38,15,49,0,0,.213,0.71,0,17.80,Gary Sánchez,Milwaukee Brewers
22,20,14,21,9,7,0,1,28,6,0,23,0,.267,86,.315,.384,.699,0,5,1.000,.000,1,370,92,33,5,38,0,0,.386,0.67,0,86.00,Jackson Chourio,Milwaukee Brewers
30,46,43,33,29,10,0,8,41,16,3,47,2,.287,164,.357,.494,.851,1,4,.800,.200,2,713,182,81,30,80,0,0,.339,1.30,0,20.50,Jake Bauers,Milwaukee Brewers
27,45,39,32,15,2,0,1,24,16,0,22,0,.195,113,.290,.239,.529,3,4,.571,.429,1,527,133,27,11,56,2,2,.233,1.22,0,113.00,Joey Ortiz,Milwaukee Brewers
29,45,58,44,12,8,0,0,19,13,1,31,1,.207,150,.273,.260,.533,1,3,.750,.250,2,612,166,39,14,85,1,1,.235,1.32,0,-.--,Luis Rengifo,Milwaukee Brewers
26,51,62,50,22,5,0,3,21,17,1,36,1,.217,166,.289,.301,.590,2,4,.667,.333,2,727,192,50,18,77,0,3,.228,1.24,5,55.33,Sal Frelick,Milwaukee Brewers
32,20,0,0,0,0,0,0,0,0,0,0,0,.000,0,.000,.000,.000,0,0,.---,.---,0,0,0,0,0,0,0,0,.---,-.--,0,-.--,Trevor Megill,Milwaukee Brewers
28,50,53,59,30,9,0,4,27,21,2,60,1,.303,198,.371,.409,.780,1,1,.500,.500,4,786,221,81,33,80,0,1,.333,0.90,0,49.50,William Contreras,Milwaukee Brewers
34,37,21,13,13,5,1,1,24,7,0,17,1,.233,73,.309,.370,.679,0,0,.---,.---,1,321,83,27,6,30,2,0,.333,1.62,0,73.00,Adam Frazier,Los Angeles Angels
32,6,4,4,2,1,0,0,5,1,0,2,0,.133,15,.188,.200,.388,0,0,.---,.---,0,71,16,3,0,9,0,0,.200,1.00,0,-.--,Donovan Walton,Los Angeles Angels
27,57,46,63,19,7,0,8,57,7,0,52,8,.241,216,.288,.384,.672,0,2,1.000,.000,5,890,233,83,29,90,0,2,.288,0.73,0,27.00,Jo Adell,Los Angeles Angels
34,53,41,44,25,9,0,9,69,20,0,41,4,.214,192,.297,.401,.698,0,0,.---,.---,7,882,219,77,30,89,0,3,.274,0.93,0,21.33,Jorge Soler,Los Angeles Angels
30,10,1,2,3,1,0,1,5,1,0,3,0,.273,11,.333,.636,.969,0,0,.---,.---,1,51,12,7,1,5,0,0,.400,0.50,0,11.00,Jose Siri,Los Angeles Angels
26,36,22,37,13,3,0,1,29,12,0,22,3,.202,109,.296,.257,.553,0,0,.---,.---,3,489,125,28,11,51,0,1,.263,0.59,0,109.00,Logan O'Hoppe,Los Angeles Angels
34,56,34,56,40,9,0,13,59,50,5,46,3,.236,195,.399,.482,.881,0,5,1.000,.000,3,1051,248,94,28,72,0,0,.268,0.61,0,15.00,Mike Trout,Los Angeles Angels
26,50,36,30,16,6,1,6,40,9,0,39,6,.271,144,.340,.451,.791,1,5,.833,.167,3,592,160,65,14,64,1,0,.337,1.20,0,24.00,Oswald Peraza,Los Angeles Angels
27,20,12,11,1,0,0,0,8,2,0,4,0,.118,34,.167,.118,.285,0,0,.---,.---,1,159,37,4,0,20,1,0,.154,1.09,0,-.--,Sebastián Rivero,Los Angeles Angels
25,34,38,35,8,6,0,3,12,12,0,24,1,.224,107,.303,.364,.667,0,0,.---,.---,6,475,123,39,19,45,0,2,.223,1.09,1,35.67,Vaughn Grissom,Los Angeles Angels
26,6,3,4,1,0,0,1,2,1,0,6,0,.400,15,.438,.600,1.038,0,1,1.000,.000,0,47,16,9,3,3,0,0,.417,0.75,0,15.00,Wade Meckler,Los Angeles Angels
25,57,34,58,38,12,1,10,79,31,1,50,5,.227,220,.335,.427,.762,5,7,.583,.417,0,1023,257,94,25,77,0,1,.303,0.59,0,22.00,Zach Neto,Los Angeles Angels
26,36,26,29,8,4,0,4,38,9,0,22,0,.193,114,.250,.333,.583,0,0,.---,.---,5,510,124,38,20,57,0,1,.247,0.90,0,28.50,Adrian Del Castillo,Arizona Diamondbacks
33,5,3,3,1,0,0,0,3,0,0,2,0,.182,11,.182,.182,.364,0,0,.---,.---,0,37,11,2,1,5,0,0,.250,1.00,0,-.--,Aramis Garcia,Arizona Diamondbacks
25,52,38,47,35,12,8,7,50,30,1,55,2,.293,188,.392,.553,.945,1,7,.875,.125,1,873,222,104,28,61,0,2,.361,0.81,0,26.86,Corbin Carroll,Arizona Diamondbacks
26,32,24,34,16,7,0,3,25,10,0,27,1,.252,107,.314,.402,.716,1,3,.750,.250,1,514,121,43,17,46,0,3,.293,0.71,0,35.67,Gabriel Moreno,Arizona Diamondbacks
26,52,63,55,23,8,3,2,29,32,0,40,1,.223,179,.336,.335,.671,3,8,.727,.273,6,890,220,60,20,80,3,5,.248,1.15,0,89.50,Geraldo Perdomo,Arizona Diamondbacks
34,48,59,53,30,9,2,7,21,7,1,57,1,.303,188,.330,.484,.814,0,1,1.000,.000,3,666,199,91,35,76,1,1,.311,1.11,1,26.86,Ildemaro Vargas,Arizona Diamondbacks
31,22,0,0,0,0,0,0,0,0,0,0,0,.000,0,.000,.000,.000,0,0,.---,.---,0,0,0,0,0,0,0,0,.---,-.--,0,-.--,Jonathan Loáisiga,Arizona Diamondbacks
25,41,24,18,10,9,1,1,30,8,0,15,1,.176,85,.255,.341,.596,0,0,.---,.---,1,421,96,29,7,29,2,0,.259,1.33,0,85.00,Jorge Barrosa,Arizona Diamondbacks
22,48,37,37,23,5,0,3,36,6,0,37,1,.257,144,.291,.354,.645,2,6,.750,.250,2,606,154,51,14,47,3,0,.324,1.00,0,48.00,Jose Fernandez,Arizona Diamondbacks
32,52,64,55,34,11,2,9,34,16,0,58,0,.276,210,.326,.476,.802,0,0,.---,.---,4,818,227,100,32,68,0,1,.292,1.16,0,23.33,Ketel Marte,Arizona Diamondbacks
35,51,39,52,27,11,0,7,35,18,1,46,4,.271,170,.351,.459,.810,0,1,1.000,.000,5,776,194,78,27,75,0,2,.300,0.75,0,24.29,Nolan Arenado,Arizona Diamondbacks
23,19,8,15,10,5,1,0,21,6,0,19,0,.302,63,.362,.413,.775,1,5,.833,.167,0,277,70,26,7,24,0,0,.452,0.53,1,-.--,Ryan Waldschmidt,Arizona Diamondbacks
27,27,19,15,6,2,0,1,15,8,0,10,0,.175,57,.273,.263,.536,2,0,.000,1.000,1,288,67,15,8,21,1,1,.214,1.27,0,57.00,Tim Tawa,Arizona Diamondbacks
24,4,3,3,5,2,0,0,1,2,0,5,0,.417,12,.500,.583,1.083,0,0,.---,.---,0,58,14,7,0,3,0,0,.455,1.00,0,-.--,Tommy Troy,Arizona Diamondbacks
28,38,33,48,19,12,0,7,24,15,0,38,1,.268,142,.340,.500,.840,0,0,.---,.---,3,658,159,71,26,72,0,1,.277,0.69,0,20.29,Adley Rutschman,Baltimore Orioles
27,47,35,21,14,5,1,1,34,8,1,30,1,.254,118,.307,.339,.646,2,6,.750,.250,5,480,130,40,14,52,2,0,.349,1.67,1,118.00,Blaze Alexander,Baltimore Orioles
24,44,26,38,16,5,0,5,44,13,0,26,1,.195,133,.270,.346,.616,0,1,1.000,.000,2,598,148,46,18,64,0,1,.247,0.68,0,26.60,Coby Mayo,Baltimore Orioles
26,46,23,20,14,2,0,3,38,13,0,21,0,.210,100,.298,.320,.618,1,1,.500,.500,1,497,115,32,14,52,1,1,.300,1.15,0,33.33,Colton Cowser,Baltimore Orioles
25,55,55,58,30,10,1,13,70,15,0,52,2,.222,234,.274,.440,.714,3,6,.667,.333,2,978,252,103,29,83,0,1,.257,0.95,0,18.00,Gunnar Henderson,Baltimore Orioles
22,8,2,8,4,0,0,1,6,3,0,4,0,.211,19,.304,.368,.672,0,2,1.000,.000,0,97,23,7,4,8,0,1,.231,0.25,0,19.00,Jackson Holliday,Baltimore Orioles
26,50,53,38,15,7,0,6,35,3,0,41,1,.248,165,.263,.400,.663,1,1,.500,.500,9,571,171,66,26,81,0,2,.278,1.39,0,27.50,Jeremiah Jackson,Baltimore Orioles
27,46,25,41,21,8,1,2,33,20,0,37,1,.278,133,.377,.398,.775,1,6,.857,.143,0,603,157,53,21,46,3,0,.357,0.61,0,66.50,Leody Taveras,Baltimore Orioles
31,56,51,59,31,12,0,10,55,26,1,49,1,.231,212,.315,.429,.744,0,2,1.000,.000,6,977,241,91,33,107,0,2,.262,0.86,0,21.20,Pete Alonso,Baltimore Orioles
21,44,33,34,21,7,1,8,44,13,1,40,0,.267,150,.323,.487,.810,0,0,.---,.---,1,589,164,73,22,59,0,1,.323,0.97,0,18.75,Samuel Basallo,Baltimore Orioles
32,55,45,55,33,15,0,2,52,48,1,50,1,.250,200,.394,.355,.749,2,1,.333,.667,2,1107,251,71,16,62,0,2,.324,0.82,0,100.00,Taylor Ward,Baltimore Orioles
31,34,18,34,13,1,0,2,26,12,0,15,2,.161,93,.271,.237,.508,0,0,.---,.---,1,413,107,22,8,43,0,0,.200,0.53,0,46.50,Tyler O'Neill,Baltimore Orioles
31,20,7,11,6,1,0,1,11,6,0,9,1,.237,38,.356,.342,.698,1,2,.667,.333,0,189,45,13,3,17,0,0,.308,0.64,0,38.00,Weston Wilson,Baltimore Orioles
29,29,20,26,9,8,0,1,18,6,0,21,0,.247,85,.297,.376,.673,3,1,.250,.750,2,384,91,32,10,43,0,0,.303,0.77,0,85.00,Andruw Monasterio,Boston Red Sox
38,18,0,0,0,0,0,0,0,0,0,0,0,.000,0,.000,.000,.000,0,0,.---,.---,0,0,0,0,0,0,0,0,.---,-.--,0,-.--,Aroldis Chapman,Boston Red Sox
26,48,62,38,14,8,0,1,25,11,0,24,4,.163,147,.241,.238,.479,2,4,.667,.333,5,597,164,35,16,71,2,0,.190,1.63,0,147.00,Caleb Durbin,Boston Red Sox
27,35,23,24,13,5,0,2,33,10,0,22,2,.218,101,.301,.327,.628,0,1,1.000,.000,4,470,114,33,3,51,1,0,.303,0.96,0,50.50,Carlos Narváez,Boston Red Sox
25,52,45,42,23,9,2,5,41,12,0,51,6,.285,179,.350,.441,.791,4,4,.500,.500,6,745,197,79,23,79,0,0,.346,1.07,0,35.80,Ceddanne Rafaela,Boston Red Sox
30,22,16,14,5,6,0,0,16,5,0,14,2,.241,58,.323,.345,.668,0,1,1.000,.000,1,243,67,20,7,25,2,0,.333,1.14,0,-.--,Connor Wong,Boston Red Sox
30,20,0,0,0,0,0,0,0,0,0,0,0,.000,0,.000,.000,.000,0,0,.---,.---,0,0,0,0,0,0,0,0,.---,-.--,0,-.--,Garrett Whitlock,Boston Red Sox
31,29,17,16,8,2,0,1,10,6,0,16,0,.276,58,.344,.362,.706,1,4,.800,.200,1,207,65,21,10,30,1,0,.319,1.06,0,58.00,Isiah Kiner-Falefa,Boston Red Sox
29,49,49,49,26,9,1,8,58,16,0,42,3,.213,197,.281,.391,.672,0,10,1.000,.000,2,811,217,77,27,63,0,1,.258,1.00,0,24.62,Jarren Duran,Boston Red Sox
23,49,47,38,12,6,0,2,31,11,0,32,2,.219,146,.280,.301,.581,0,3,1.000,.000,4,567,162,44,12,72,0,2,.261,1.24,1,73.00,Marcelo Mayer,Boston Red Sox
32,38,38,29,11,6,1,1,10,13,0,26,2,.255,102,.347,.363,.710,0,1,1.000,.000,1,414,118,37,7,48,0,1,.272,1.31,0,102.00,Masataka Yoshida,Boston Red Sox
30,15,8,12,7,2,0,0,10,2,0,14,1,.326,43,.370,.372,.742,1,0,.000,1.000,1,181,47,16,2,17,1,0,.424,0.67,0,-.--,Mickey Gasper,Boston Red Sox
28,9,11,6,3,2,1,0,5,5,0,9,0,.300,30,.400,.433,.833,0,0,.---,.---,1,135,36,13,2,12,1,0,.360,1.83,0,-.--,Nick Sogard,Boston Red Sox
34,52,40,41,25,6,2,11,56,21,0,53,8,.283,187,.374,.513,.887,0,1,1.000,.000,6,873,219,96,33,76,0,3,.341,0.98,0,17.00,Willson Contreras,Boston Red Sox
27,53,38,67,24,10,1,6,44,21,1,59,0,.285,207,.349,.430,.779,1,4,.800,.200,6,898,229,89,22,102,0,1,.335,0.57,0,34.50,Wilyer Abreu,Boston Red Sox
32,55,51,71,24,8,1,4,43,25,2,58,3,.261,222,.343,.360,.703,1,2,.667,.333,7,991,251,80,16,114,0,1,.307,0.72,0,55.50,Alex Bregman,Chicago Cubs
39,14,0,0,0,0,0,0,0,0,0,0,0,.000,0,.000,.000,.000,0,0,.---,.---,0,0,0,0,0,0,0,0,.---,-.--,0,-.--,Caleb Thielbar,Chicago Cubs
31,42,32,34,18,6,0,2,27,15,0,41,3,.306,134,.388,.396,.784,0,0,.---,.---,3,574,152,53,17,70,0,0,.371,0.94,0,67.00,Carson Kelly,Chicago Cubs
26,12,0,0,0,0,0,0,0,0,0,0,0,.000,0,.000,.000,.000,0,0,.---,.---,0,0,0,0,0,0,0,0,.---,-.--,0,-.--,Daniel Palencia,Chicago Cubs
32,53,51,52,32,5,1,7,46,26,0,34,1,.190,179,.292,.346,.638,0,4,1.000,.000,2,835,210,62,27,95,1,3,.209,0.98,0,25.57,Dansby Swanson,Chicago Cubs
31,52,34,44,36,8,1,11,75,37,3,42,2,.215,195,.346,.436,.782,0,2,1.000,.000,5,956,234,85,26,118,0,0,.284,0.77,0,17.73,Ian Happ,Chicago Cubs
23,4,0,0,0,0,0,0,2,1,0,0,0,.000,2,.333,.000,.333,0,0,.---,.---,0,17,3,0,0,2,0,0,.---,-.--,0,-.--,Kevin Alcántara,Chicago Cubs
28,55,45,56,23,11,1,6,53,38,1,46,5,.232,198,.366,.389,.755,0,1,1.000,.000,2,970,243,77,31,104,0,2,.284,0.80,0,33.00,Michael Busch,Chicago Cubs
33,34,13,18,12,8,0,4,22,13,0,20,0,.278,72,.384,.556,.940,0,0,.---,.---,1,352,86,40,13,32,0,1,.340,0.72,0,18.00,Michael Conforto,Chicago Cubs
27,32,18,22,14,2,0,3,20,11,0,18,3,.234,77,.352,.377,.729,0,0,.---,.---,4,385,92,29,9,38,1,0,.278,0.82,0,25.67,Miguel Amaya,Chicago Cubs
22,46,30,38,15,5,0,6,28,15,0,29,0,.236,123,.314,.423,.737,0,0,.---,.---,0,528,140,52,20,50,0,2,.253,0.79,0,20.50,Moisés Ballesteros,Chicago Cubs
29,55,62,84,24,13,0,4,20,26,0,56,4,.256,219,.341,.370,.711,1,10,.909,.091,4,914,252,81,32,93,0,3,.263,0.74,0,54.75,Nico Hoerner,Chicago Cubs
22,4,5,0,1,1,0,0,0,1,0,2,0,.286,7,.375,.429,.804,0,0,.---,.---,1,21,8,3,1,2,0,0,.286,5.00,0,-.--,Pedro Ramírez,Chicago Cubs
24,56,40,59,29,6,2,6,59,21,1,45,6,.224,201,.314,.363,.677,4,12,.750,.250,2,864,230,73,24,94,1,1,.285,0.68,0,33.50,Pete Crow-Armstrong,Chicago Cubs
28,14,0,0,0,0,0,0,0,0,0,0,0,.000,0,.000,.000,.000,0,0,.---,.---,0,0,0,0,0,0,0,0,.---,-.--,0,-.--,Ryan Rolison,Chicago Cubs
31,42,32,41,23,4,0,7,46,20,3,36,3,.234,154,.331,.396,.727,0,0,.---,.---,4,735,178,61,17,112,0,1,.284,0.78,0,22.00,Seiya Suzuki,Chicago Cubs
27,16,12,10,10,2,1,1,12,4,0,17,1,.333,51,.393,.471,.864,1,2,.667,.333,1,196,56,24,2,25,0,0,.421,1.20,0,51.00,Blake Dunn,Cincinnati Reds
30,46,10,26,16,3,0,3,25,12,0,20,2,.250,80,.358,.400,.758,0,2,1.000,.000,3,379,95,32,12,40,0,1,.321,0.38,0,26.67,Dane Myers,Cincinnati Reds
24,55,48,41,38,13,1,12,72,21,0,62,2,.279,222,.346,.509,.855,5,9,.643,.357,2,987,246,113,37,87,0,1,.360,1.17,0,18.50,Elly De La Cruz,Cincinnati Reds
34,30,19,27,12,5,0,3,34,13,0,25,0,.238,105,.322,.371,.693,0,0,.---,.---,1,479,118,39,13,56,0,0,.324,0.70,0,35.00,Eugenio Suárez,Cincinnati Reds
28,27,17,34,16,6,1,7,21,17,1,27,0,.276,98,.379,.571,.950,1,1,.500,.500,0,465,116,56,21,37,0,1,.282,0.50,0,14.00,JJ Bleday,Cincinnati Reds
26,54,43,60,21,9,0,5,51,24,0,38,2,.199,191,.295,.325,.620,2,7,.778,.222,3,854,218,62,20,91,1,0,.244,0.72,0,38.20,Matt McLain,Cincinnati Reds
30,40,28,25,15,9,0,8,32,15,0,32,0,.274,117,.356,.556,.912,0,0,.---,.---,0,555,132,65,24,51,0,0,.312,1.12,0,14.62,Nathaniel Lowe,Cincinnati Reds
33,9,4,4,1,0,0,0,7,2,0,5,0,.294,17,.350,.294,.644,0,0,.---,.---,0,90,22,5,3,6,2,1,.455,1.00,0,-.--,P.J. Higgins,Cincinnati Reds
22,55,55,53,34,9,0,12,48,31,3,53,1,.256,207,.353,.473,.826,1,10,.909,.091,4,941,241,98,36,96,0,2,.275,1.04,0,17.25,Sal Stewart,Cincinnati Reds
28,53,38,59,31,10,0,7,43,18,0,50,3,.265,189,.336,.429,.765,0,3,1.000,.000,5,821,211,81,21,91,0,1,.307,0.64,0,27.00,Spencer Steer,Cincinnati Reds
30,44,44,44,14,6,0,2,40,13,0,27,4,.180,150,.262,.260,.522,0,5,1.000,.000,1,639,172,39,8,51,4,1,.229,1.00,0,75.00,TJ Friedl,Cincinnati Reds
29,44,22,45,11,6,0,4,43,21,0,26,0,.194,134,.299,.328,.627,1,0,.000,1.000,3,616,157,44,17,72,0,2,.247,0.49,0,33.50,Tyler Stephenson,Cincinnati Reds
28,41,11,24,10,2,1,2,29,15,1,14,1,.179,78,.319,.308,.627,1,1,.500,.500,0,397,95,24,5,44,0,0,.255,0.46,1,39.00,Will Benson,Cincinnati Reds
24,53,50,52,24,9,1,9,38,6,0,44,4,.246,179,.284,.458,.742,2,8,.800,.200,3,733,194,82,28,73,4,1,.263,0.96,0,19.89,Angel Martínez,Cleveland Guardians
33,27,27,16,12,4,0,1,15,8,0,16,0,.225,71,.300,.324,.624,1,1,.500,.500,2,319,82,23,4,46,2,1,.268,1.69,0,71.00,Austin Hedges,Cleveland Guardians
25,55,49,56,25,8,1,4,23,19,0,53,5,.298,178,.379,.421,.800,4,9,.692,.308,3,811,205,75,27,60,2,1,.322,0.88,0,44.50,Brayan Rocchio,Cleveland Guardians
24,53,54,66,21,11,1,7,24,25,0,50,0,.260,192,.342,.438,.780,1,2,.667,.333,6,835,219,84,31,87,0,2,.264,0.82,0,27.43,Chase DeLauter,Cleveland Guardians
29,46,32,32,19,9,0,4,47,18,0,35,0,.240,146,.323,.384,.707,2,3,.600,.400,1,652,164,56,19,64,0,0,.326,1.00,0,36.50,Daniel Schneemann,Cleveland Guardians
30,35,16,16,11,2,0,3,26,13,1,18,0,.237,76,.348,.382,.730,0,0,.---,.---,3,396,89,29,8,43,0,0,.319,1.00,0,25.33,David Fry,Cleveland Guardians
33,58,48,85,30,12,0,8,34,38,5,48,1,.226,212,.343,.396,.739,2,20,.909,.091,1,1048,254,84,27,90,0,3,.231,0.56,0,26.50,José Ramírez,Cleveland Guardians
25,49,31,29,19,4,1,5,57,17,0,33,2,.221,149,.308,.362,.670,0,0,.---,.---,4,720,169,54,17,74,0,1,.318,1.07,0,29.80,Kyle Manzardo,Cleveland Guardians
27,39,30,34,6,1,0,2,28,9,0,15,0,.140,107,.207,.206,.413,0,2,1.000,.000,5,474,116,22,8,41,0,0,.169,0.88,0,53.50,Patrick Bailey,Cleveland Guardians
24,16,5,11,3,0,0,0,6,1,0,3,0,.120,25,.154,.120,.274,0,2,1.000,.000,0,110,26,3,1,14,0,0,.158,0.45,0,-.--,Petey Halpin,Cleveland Guardians
33,45,22,36,20,9,0,5,45,28,0,23,1,.189,122,.335,.385,.720,0,0,.---,.---,3,683,155,47,20,57,0,4,.237,0.61,0,24.40,Rhys Hoskins,Cleveland Guardians
28,54,60,73,25,7,0,1,25,34,1,40,2,.207,193,.329,.259,.588,1,2,.667,.333,5,923,234,50,12,73,3,2,.231,0.82,0,193.00,Steven Kwan,Cleveland Guardians
23,27,23,25,12,6,0,3,19,15,1,29,2,.302,96,.407,.458,.865,2,7,.778,.222,0,437,113,44,11,27,0,0,.351,0.92,0,32.00,Travis Bazzana,Cleveland Guardians
27,12,2,6,5,0,0,1,6,2,0,3,0,.176,17,.263,.353,.616,0,2,1.000,.000,0,67,19,6,2,5,0,0,.200,0.33,0,17.00,Braxton Fulford,Colorado Rockies
32,28,24,22,4,6,0,1,18,4,0,15,1,.195,77,.241,.312,.553,0,0,.---,.---,2,301,84,24,9,41,1,1,.237,1.09,0,77.00,Brett Sullivan,Colorado Rockies
27,6,2,5,0,0,0,0,5,2,0,1,0,.083,12,.200,.083,.283,0,0,.---,.---,0,61,15,1,2,9,0,1,.125,0.40,0,-.--,Chad Stevens,Colorado Rockies
27,46,34,29,15,3,1,2,43,17,0,27,1,.203,133,.298,.286,.584,2,3,.600,.400,5,628,151,38,12,40,0,0,.284,1.17,0,66.50,Edouard Julien,Colorado Rockies
24,55,45,52,14,11,0,2,52,12,0,40,2,.214,187,.266,.305,.571,0,3,1.000,.000,2,754,203,57,16,101,0,2,.281,0.87,0,93.50,Ezequiel Tovar,Colorado Rockies
26,51,28,45,31,8,0,12,74,13,1,46,4,.238,193,.300,.466,.766,2,3,.600,.400,2,795,210,90,20,81,0,0,.318,0.62,0,16.08,Hunter Goodman,Colorado Rockies
28,46,35,39,14,7,3,2,26,8,0,35,1,.269,130,.312,.415,.727,2,9,.818,.182,1,501,144,54,19,40,3,2,.317,0.90,0,65.00,Jake McCarthy,Colorado Rockies
33,10,0,0,0,0,0,0,0,0,0,0,0,.000,0,.000,.000,.000,0,0,.---,.---,0,0,0,0,0,0,0,0,.---,-.--,0,-.--,Kyle Freeland,Colorado Rockies
23,53,41,40,19,7,0,2,44,24,0,32,0,.206,155,.309,.290,.599,0,2,1.000,.000,1,782,181,45,14,75,0,2,.270,1.03,0,77.50,Kyle Karros,Colorado Rockies
25,9,12,4,1,1,0,0,4,2,0,4,1,.167,24,.259,.208,.467,0,0,.---,.---,2,95,27,5,2,15,0,0,.200,3.00,0,-.--,Sterlin Thompson,Colorado Rockies
26,55,60,46,23,9,1,7,33,20,0,54,4,.281,192,.359,.448,.807,0,0,.---,.---,1,827,217,86,27,75,0,1,.307,1.30,0,27.43,TJ Rumfield,Colorado Rockies
29,52,41,37,21,14,0,2,39,15,0,53,2,.314,169,.376,.432,.808,2,2,.500,.500,2,679,187,73,23,62,1,0,.398,1.11,0,84.50,Troy Johnston,Colorado Rockies
27,36,44,34,10,3,0,2,17,4,0,30,8,.248,121,.316,.322,.638,1,4,.800,.200,8,486,137,39,14,51,4,0,.275,1.29,0,60.50,Tyler Freeman,Colorado Rockies
29,46,30,34,22,8,0,2,50,13,0,39,1,.257,152,.317,.349,.666,3,3,.500,.500,2,673,167,53,18,57,0,1,.366,0.88,0,76.00,Willi Castro,Colorado Rockies
24,52,29,44,21,8,1,0,35,9,0,45,1,.296,152,.337,.362,.699,0,1,1.000,.000,3,598,163,55,7,66,0,1,.381,0.66,0,-.--,Colt Keith,Detroit Tigers
27,51,47,47,22,11,0,10,44,19,0,42,4,.233,180,.320,.461,.781,0,0,.---,.---,7,819,205,83,32,89,0,0,.254,1.00,2,18.00,Dillon Dingler,Detroit Tigers
26,14,7,7,3,3,0,2,16,0,0,6,0,.167,36,.167,.417,.584,0,0,.---,.---,0,135,36,15,5,16,0,0,.222,1.00,0,18.00,Gage Workman,Detroit Tigers
23,28,12,25,4,3,1,1,21,4,0,14,0,.194,72,.237,.306,.543,0,0,.---,.---,1,268,76,22,8,28,0,0,.260,0.48,0,72.00,Hao-Yu  Lee,Detroit Tigers
28,37,14,17,6,2,0,2,24,6,0,11,0,.167,66,.236,.288,.524,2,0,.000,1.000,2,259,72,19,7,37,0,0,.225,0.82,0,33.00,Jahmai Jones,Detroit Tigers
31,19,4,22,4,2,1,0,17,4,0,7,1,.146,48,.218,.229,.447,0,1,1.000,.000,0,221,55,11,4,21,0,2,.212,0.18,0,-.--,Jake Rogers,Detroit Tigers
21,55,36,77,35,12,3,3,30,33,0,60,2,.296,203,.399,.429,.828,0,8,1.000,.000,1,965,238,87,21,64,0,0,.335,0.47,0,67.67,Kevin McGonigle,Detroit Tigers
29,47,36,50,13,9,0,4,27,14,0,30,0,.214,140,.280,.364,.644,1,2,.667,.333,3,630,157,51,21,67,0,3,.232,0.72,0,35.00,Matt Vierling,Detroit Tigers
25,57,32,42,30,15,0,4,65,30,0,62,2,.308,201,.403,.443,.846,1,1,.500,.500,3,981,233,89,25,95,0,0,.439,0.76,0,50.25,Riley Greene,Detroit Tigers
26,56,27,50,18,12,0,8,68,26,0,38,3,.209,182,.316,.407,.723,1,0,.000,1.000,4,915,212,74,21,88,0,1,.280,0.54,0,22.75,Spencer Torkelson,Detroit Tigers
26,41,37,46,16,3,0,4,20,10,0,21,0,.169,124,.231,.290,.521,1,3,.750,.250,0,475,134,36,10,61,0,0,.170,0.80,0,31.00,Wenceel Pérez,Detroit Tigers
31,35,32,35,2,3,0,1,20,9,1,17,0,.167,102,.230,.225,.455,2,1,.333,.667,2,442,113,23,9,45,0,2,.193,0.91,0,102.00,Zach McKinstry,Detroit Tigers
31,13,1,12,1,1,0,0,6,5,0,3,1,.136,22,.321,.182,.503,0,0,.---,.---,0,129,28,4,0,10,0,0,.188,0.08,0,-.--,Zack Short,Detroit Tigers
28,25,21,19,7,3,0,3,11,1,0,18,0,.273,66,.279,.455,.734,0,0,.---,.---,1,223,70,30,8,22,2,1,.283,1.11,0,22.00,Braden Shewmake,Houston Astros
24,47,32,32,14,4,1,4,47,11,0,29,0,.210,138,.267,.341,.608,3,2,.400,.600,2,634,151,47,14,53,1,1,.284,1.00,0,34.50,Brice Matthews,Houston Astros
23,56,45,43,24,7,0,5,58,21,0,38,4,.209,182,.301,.330,.631,1,7,.875,.125,5,864,210,60,18,88,0,2,.273,1.05,1,36.40,Cam Smith,Houston Astros
30,7,7,5,0,0,0,0,3,2,0,1,1,.063,16,.211,.063,.274,0,0,.---,.---,0,80,19,1,1,5,0,0,.077,1.40,0,-.--,César Salazar,Houston Astros
35,35,32,29,10,4,0,4,19,9,0,27,0,.257,105,.316,.410,.726,0,0,.---,.---,1,440,116,43,17,44,2,0,.280,1.10,0,26.25,Christian Vázquez,Houston Astros
35,57,55,56,33,10,0,15,45,21,2,53,3,.255,208,.330,.519,.849,0,0,.---,.---,7,876,233,108,40,104,0,1,.255,0.98,0,13.87,Christian Walker,Houston Astros
27,51,32,75,19,8,0,5,33,18,0,44,7,.239,184,.330,.364,.694,0,0,.---,.---,5,936,209,67,20,91,0,0,.267,0.43,0,36.80,Isaac Paredes,Houston Astros
30,20,18,17,7,2,0,2,15,5,0,12,1,.197,61,.265,.328,.593,2,1,.333,.667,0,238,68,20,5,28,0,1,.222,1.06,0,30.50,Jake Meyers,Houston Astros
28,19,18,29,11,4,0,1,13,4,0,19,3,.244,78,.302,.333,.635,0,2,1.000,.000,0,313,86,26,5,32,0,1,.277,0.62,0,78.00,Jeremy Peña,Houston Astros
27,28,13,8,10,1,0,1,9,3,0,13,1,.302,43,.362,.395,.757,0,1,1.000,.000,2,154,47,17,4,9,0,0,.364,1.63,0,43.00,Nick Allen,Houston Astros
28,12,5,7,5,2,1,0,11,4,0,13,0,.371,35,.436,.486,.922,0,1,1.000,.000,0,137,40,17,4,9,1,0,.542,0.71,0,-.--,Taylor Trammell,Houston Astros
29,56,35,65,36,11,0,20,41,36,8,63,4,.312,202,.422,.663,1.085,0,1,1.000,.000,2,929,244,134,39,79,0,2,.301,0.54,0,10.10,Yordan Alvarez,Houston Astros
26,17,8,8,5,4,0,1,16,4,0,9,0,.220,41,.289,.390,.679,0,0,.---,.---,1,187,45,16,2,14,0,0,.333,1.00,0,41.00,Zach Dezenzo,Houston Astros
26,56,43,72,27,14,1,9,44,23,2,64,0,.290,221,.354,.484,.838,3,16,.842,.158,6,916,246,107,25,78,0,2,.324,0.60,0,24.56,Bobby Witt Jr.,Kansas City Royals
22,52,22,53,20,8,0,6,54,20,1,36,1,.222,162,.306,.383,.689,0,0,.---,.---,2,776,186,62,23,60,0,3,.286,0.42,0,27.00,Carter Jensen,Kansas City Royals
28,49,28,45,18,6,0,3,48,23,0,32,4,.212,151,.328,.311,.639,3,3,.500,.500,2,710,180,47,16,75,0,2,.284,0.62,0,50.33,Isaac Collins,Kansas City Royals
23,51,38,34,18,9,1,5,55,14,0,39,2,.235,166,.302,.392,.694,1,1,.500,.500,1,685,182,65,11,78,0,0,.321,1.12,0,33.20,Jac Caglianone,Kansas City Royals
29,46,34,37,15,6,1,3,36,8,0,34,3,.250,136,.304,.375,.679,0,5,1.000,.000,2,549,152,51,11,57,4,1,.316,0.92,0,45.33,Kyle Isbel,Kansas City Royals
30,42,11,39,8,3,0,1,25,21,0,20,1,.215,93,.359,.280,.639,3,3,.500,.500,1,494,117,26,9,43,0,2,.275,0.28,0,93.00,Lane Thomas,Kansas City Royals
31,22,0,0,0,0,0,0,0,0,0,0,0,.000,0,.000,.000,.000,0,0,.---,.---,0,0,0,0,0,0,0,0,.---,-.--,0,-.--,Lucas Erceg,Kansas City Royals
26,54,59,69,27,15,1,3,34,19,0,57,0,.263,217,.319,.382,.701,3,4,.571,.429,5,900,238,83,20,79,0,2,.297,0.86,0,72.33,Maikel Garcia,Kansas City Royals
28,41,24,40,11,9,0,3,22,4,0,24,0,.226,106,.248,.396,.644,0,1,1.000,.000,2,428,114,42,13,61,1,3,.250,0.60,0,35.33,Michael Massey,Kansas City Royals
27,24,16,23,9,7,0,0,9,8,0,13,3,.220,59,.333,.339,.672,0,0,.---,.---,0,274,72,20,13,23,0,2,.250,0.70,0,-.--,Nick Loftin,Kansas City Royals
36,54,48,72,21,5,0,9,45,10,1,44,4,.214,206,.260,.369,.629,0,0,.---,.---,7,822,223,76,25,101,0,3,.226,0.67,0,22.89,Salvador Perez,Kansas City Royals
37,23,12,11,3,3,0,0,16,4,0,15,1,.283,53,.339,.340,.679,1,0,.000,1.000,1,226,59,18,2,25,0,1,.395,1.09,0,-.--,Starling Marte,Kansas City Royals
28,11,4,0,2,0,0,0,1,0,0,1,0,.167,6,.167,.167,.334,1,3,.750,.250,1,19,6,1,0,3,0,0,.200,4.00,0,-.--,Tyler Tolbert,Kansas City Royals
28,53,44,75,21,6,2,5,42,24,1,39,1,.199,196,.284,.327,.611,0,2,1.000,.000,3,874,225,64,23,92,0,4,.222,0.59,0,39.20,Vinnie Pasquantino,Kansas City Royals
31,25,16,13,11,4,0,0,8,10,0,15,1,.294,51,.413,.373,.786,1,0,.000,1.000,1,278,63,19,10,25,0,1,.341,1.23,0,-.--,Alex Call,Los Angeles Dodgers
24,34,33,16,11,4,0,2,32,11,0,23,0,.228,101,.301,.327,.628,0,0,.---,.---,3,453,115,33,8,47,2,1,.309,2.06,0,50.50,Alex Freeland,Los Angeles Dodgers
25,56,47,57,34,12,0,13,44,15,0,63,2,.303,208,.351,.548,.899,2,7,.778,.222,5,938,228,114,50,88,0,3,.325,0.82,0,16.00,Andy Pages,Los Angeles Dodgers
25,29,15,21,14,2,0,7,25,8,0,21,3,.256,82,.344,.537,.881,0,0,.---,.---,2,321,93,44,17,38,0,0,.280,0.71,0,11.71,Dalton Rushing,Los Angeles Dodgers
36,53,56,52,27,15,1,7,38,30,1,54,1,.271,199,.368,.462,.830,0,2,1.000,.000,8,929,231,92,26,88,0,1,.303,1.08,0,28.43,Freddie Freeman,Los Angeles Dodgers
27,43,33,24,16,3,1,1,31,12,0,30,0,.259,116,.323,.328,.651,1,5,.833,.167,2,515,131,38,11,52,0,2,.337,1.38,1,116.00,Hyeseong Kim,Los Angeles Dodgers
29,53,41,66,36,14,2,4,43,30,0,48,1,.245,196,.345,.398,.743,0,4,1.000,.000,0,885,229,78,26,95,0,2,.291,0.62,0,49.00,Kyle Tucker,Los Angeles Dodgers
35,50,35,40,36,6,0,12,50,26,1,42,1,.251,167,.356,.503,.859,0,0,.---,.---,2,790,194,84,19,84,0,0,.286,0.88,0,13.92,Max Muncy,Los Angeles Dodgers
37,34,31,24,8,4,0,1,10,5,0,22,2,.265,83,.315,.349,.664,1,0,.000,1.000,5,333,94,29,9,39,2,2,.284,1.29,0,83.00,Miguel Rojas,Los Angeles Dodgers
33,22,19,42,13,2,0,6,12,6,0,16,1,.182,88,.240,.409,.649,2,0,.000,1.000,4,357,96,36,15,54,0,1,.141,0.45,0,14.67,Mookie Betts,Los Angeles Dodgers
31,55,44,47,36,12,1,9,53,39,6,52,5,.269,193,.400,.482,.882,2,6,.750,.250,3,931,241,93,30,78,0,3,.321,0.94,1,21.44,Shohei Ohtani,Los Angeles Dodgers
33,51,37,41,30,8,0,7,55,19,1,50,2,.276,181,.348,.436,.784,0,2,1.000,.000,6,831,204,79,31,83,0,2,.355,0.90,0,25.86,Teoscar Hernández,Los Angeles Dodgers
31,46,21,69,20,4,0,5,28,19,0,39,2,.253,154,.337,.377,.714,0,0,.---,.---,3,757,178,58,22,65,0,3,.274,0.30,0,30.80,Will Smith,Los Angeles Dodgers
27,10,6,6,3,1,0,0,5,5,0,3,0,.150,20,.320,.200,.520,0,0,.---,.---,1,106,25,4,3,8,0,0,.200,1.00,0,-.--,Andrés Chaparro,Washington Nationals
26,16,0,0,0,0,0,0,0,0,0,0,0,.000,0,.000,.000,.000,0,0,.---,.---,0,0,0,0,0,0,0,0,.---,-.--,0,-.--,Brad Lord,Washington Nationals
25,56,42,58,34,12,2,12,47,25,2,60,8,.294,204,.388,.549,.937,4,8,.667,.333,3,929,240,112,47,84,0,3,.324,0.72,0,17.00,CJ Abrams,Washington Nationals
27,13,0,0,0,0,0,0,0,0,0,0,0,.000,0,.000,.000,.000,0,0,.---,.---,0,0,0,0,0,0,0,0,.---,-.--,0,-.--,Clayton Beeter,Washington Nationals
25,42,31,39,23,8,0,7,24,20,0,29,2,.236,123,.352,.472,.824,2,3,.600,.400,2,613,145,58,20,65,0,0,.239,0.79,0,17.57,Curtis Mead,Washington Nationals
23,56,50,74,35,15,1,7,46,19,1,58,1,.259,224,.315,.429,.744,3,4,.571,.429,2,860,248,96,27,106,0,4,.291,0.68,0,32.00,Daylen Lile,Washington Nationals
28,35,29,23,11,3,0,1,23,8,0,15,1,.170,88,.247,.239,.486,0,0,.---,.---,0,375,100,21,7,48,2,0,.219,1.26,1,88.00,Drew Millas,Washington Nationals
24,8,9,9,2,1,0,1,7,1,0,8,0,.242,33,.265,.364,.629,0,1,1.000,.000,0,118,34,12,1,10,0,0,.280,1.00,0,33.00,Dylan Crews,Washington Nationals
29,22,0,0,0,0,0,0,0,0,0,0,0,.000,0,.000,.000,.000,0,0,.---,.---,0,0,0,0,0,0,0,0,.---,-.--,0,-.--,Gus Varland,Washington Nationals
26,55,47,60,25,6,0,7,32,9,0,42,4,.233,180,.285,.383,.668,1,3,.750,.250,3,715,194,69,24,73,1,0,.248,0.78,0,25.71,Jacob Young,Washington Nationals
23,57,40,39,50,15,0,15,78,47,7,60,4,.276,217,.414,.553,.967,1,10,.909,.091,1,1132,268,120,37,72,0,0,.363,1.03,0,14.47,James Wood,Washington Nationals
25,42,33,30,15,6,0,1,17,10,0,24,4,.240,100,.328,.330,.658,1,0,.000,1.000,3,414,119,33,5,48,2,2,.274,1.10,1,100.00,Jorbit Vivas,Washington Nationals
25,42,26,19,16,7,1,3,36,7,0,23,1,.221,104,.277,.394,.671,0,0,.---,.---,5,459,112,41,13,59,0,0,.308,1.37,0,34.67,José Tena,Washington Nationals
27,34,28,36,13,12,0,4,17,2,0,28,1,.262,107,.277,.486,.763,1,1,.500,.500,5,387,112,52,24,56,0,2,.273,0.78,0,26.75,Keibert Ruiz,Washington Nationals
26,51,49,47,20,10,2,4,28,6,0,44,0,.263,167,.287,.419,.706,1,2,.667,.333,1,596,174,70,27,68,0,1,.294,1.04,0,41.75,Luis García Jr.,Washington Nationals
25,53,54,44,21,2,1,0,41,22,0,31,1,.189,164,.287,.213,.500,2,22,.917,.083,1,788,193,35,16,77,5,1,.250,1.23,0,-.--,Nasim Nuñez,Washington Nationals
28,13,0,0,0,0,0,0,0,0,0,0,0,.000,0,.000,.000,.000,0,0,.---,.---,0,0,0,0,0,0,0,0,.---,-.--,0,-.--,Orlando Ribalta,Washington Nationals
28,15,0,0,0,0,0,0,0,0,0,0,0,.000,0,.000,.000,.000,0,0,.---,.---,0,0,0,0,0,0,0,0,.---,-.--,0,-.--,Paxton Schultz,Washington Nationals
21,16,8,13,6,0,1,1,20,8,0,13,0,.250,52,.350,.346,.696,3,3,.500,.500,0,267,62,18,4,14,2,0,.387,0.62,0,52.00,A.J. Ewing,New York Mets
28,56,73,63,25,6,0,5,42,16,0,51,0,.225,227,.273,.317,.590,0,1,1.000,.000,7,894,245,72,27,88,0,2,.253,1.16,0,45.40,Bo Bichette,New York Mets
26,53,40,38,21,8,1,3,51,18,0,38,1,.230,165,.306,.345,.651,1,2,.667,.333,2,775,187,57,21,60,0,2,.310,1.05,1,55.00,Brett Baty,New York Mets
23,53,49,50,25,7,0,3,41,14,0,46,3,.247,186,.310,.333,.643,2,9,.818,.182,1,845,203,62,20,66,0,0,.303,0.98,0,62.00,Carson Benge,New York Mets
31,21,0,0,0,0,0,0,0,0,0,0,0,.000,0,.000,.000,.000,0,0,.---,.---,0,0,0,0,0,0,0,0,.---,-.--,0,-.--,Devin Williams,New York Mets
28,2,1,1,1,0,0,1,1,0,0,1,0,.250,4,.250,1.000,1.250,0,0,.---,.---,0,17,4,4,1,0,0,0,.000,1.00,0,4.00,Eric Wagaman,New York Mets
29,5,5,3,1,0,0,0,3,0,0,1,0,.100,10,.100,.100,.200,0,0,.---,.---,0,33,12,1,1,8,2,0,.143,1.67,0,-.--,Hayden Senger,New York Mets
30,13,10,2,3,2,0,0,4,3,0,8,0,.348,23,.407,.435,.842,0,0,.---,.---,0,108,27,10,2,9,0,1,.400,5.00,0,-.--,Jared Young,New York Mets
27,39,35,41,24,4,1,12,25,22,5,43,0,.301,143,.392,.594,.986,2,5,.714,.286,1,631,167,85,24,49,0,1,.290,0.85,1,11.92,Juan Soto,New York Mets
30,33,32,18,8,7,0,0,20,5,0,18,2,.207,87,.266,.287,.553,0,0,.---,.---,0,360,95,25,11,37,1,0,.269,1.78,0,-.--,Luis Torrens,New York Mets
32,22,0,0,0,0,0,0,0,0,0,0,0,.000,0,.000,.000,.000,0,0,.---,.---,0,0,0,0,0,0,0,0,.---,-.--,0,-.--,Luke Weaver,New York Mets
27,34,8,21,8,3,1,2,31,9,0,15,4,.203,74,.322,.351,.673,1,0,.000,1.000,0,362,88,26,6,34,1,0,.317,0.38,0,37.00,MJ Melendez,New York Mets
35,56,44,75,19,7,0,4,44,14,0,43,1,.213,202,.264,.307,.571,1,5,.833,.167,6,790,221,62,19,84,1,3,.248,0.59,0,50.50,Marcus Semien,New York Mets
26,48,46,49,16,8,0,6,38,7,0,38,2,.224,170,.261,.376,.637,0,0,.---,.---,7,638,180,64,23,83,0,1,.252,0.94,0,28.33,Mark Vientos,New York Mets
28,4,0,3,3,0,0,0,0,1,0,1,0,.250,4,.400,.250,.650,0,0,.---,.---,0,15,5,1,1,3,0,0,.250,0.00,0,-.--,Vidal Bruján,New York Mets
